Week,Stock,Weight
2023-01-02,BAJFINANCE,0.3333333333333333
2023-01-02,HCLTECH,0.3333333333333333
2023-01-02,MARUTI,0.3333333333333333
2023-01-02,RELIANCE,0.0
2023-01-02,INFY,0.0
2023-01-02,ICICIBANK,0.0
2023-01-02,BHARTIARTL,0.0
2023-01-02,TCS,0.0
2023-01-02,HDFCBANK,0.0
2023-01-02,HINDUNILVR,0.0
2023-01-09,BAJFINANCE,0.3333333333333333
2023-01-09,MARUTI,0.3333333333333333
2023-01-09,HINDUNILVR,0.3333333333333333
2023-01-09,RELIANCE,0.0
2023-01-09,ICICIBANK,0.0
2023-01-09,INFY,0.0
2023-01-09,TCS,0.0
2023-01-09,HDFCBANK,0.0
2023-01-09,HCLTECH,0.0
2023-01-09,BHARTIARTL,0.0
2023-01-16,BAJFINANCE,0.3333333333333333
2023-01-16,HDFCBANK,0.3333333333333333
2023-01-16,INFY,0.3333333333333333
2023-01-16,HCLTECH,0.0
2023-01-16,RELIANCE,0.0
2023-01-16,TCS,0.0
2023-01-16,HINDUNILVR,0.0
2023-01-16,MARUTI,0.0
2023-01-16,BHARTIARTL,0.0
2023-01-16,ICICIBANK,0.0
2023-01-23,BAJFINANCE,0.3333333333333333
2023-01-23,ICICIBANK,0.3333333333333333
2023-01-23,MARUTI,0.3333333333333333
2023-01-23,RELIANCE,0.0
2023-01-23,INFY,0.0
2023-01-23,HCLTECH,0.0
2023-01-23,TCS,0.0
2023-01-23,HINDUNILVR,0.0
2023-01-23,HDFCBANK,0.0
2023-01-23,BHARTIARTL,0.0
2023-01-30,RELIANCE,0.3333333333333333
2023-01-30,BAJFINANCE,0.3333333333333333
2023-01-30,HDFCBANK,0.3333333333333333
2023-01-30,HINDUNILVR,0.0
2023-01-30,HCLTECH,0.0
2023-01-30,ICICIBANK,0.0
2023-01-30,MARUTI,0.0
2023-01-30,BHARTIARTL,0.0
2023-01-30,TCS,0.0
2023-01-30,INFY,0.0
2023-02-06,RELIANCE,0.3333333333333333
2023-02-06,HDFCBANK,0.3333333333333333
2023-02-06,BAJFINANCE,0.3333333333333333
2023-02-06,MARUTI,0.0
2023-02-06,BHARTIARTL,0.0
2023-02-06,ICICIBANK,0.0
2023-02-06,HCLTECH,0.0
2023-02-06,TCS,0.0
2023-02-06,HINDUNILVR,0.0
2023-02-06,INFY,0.0
2023-02-13,MARUTI,0.3333333333333333
2023-02-13,HCLTECH,0.3333333333333333
2023-02-13,INFY,0.3333333333333333
2023-02-13,HDFCBANK,0.0
2023-02-13,BAJFINANCE,0.0
2023-02-13,HINDUNILVR,0.0
2023-02-13,BHARTIARTL,0.0
2023-02-13,ICICIBANK,0.0
2023-02-13,RELIANCE,0.0
2023-02-13,TCS,0.0
2023-02-20,HCLTECH,0.3333333333333333
2023-02-20,INFY,0.3333333333333333
2023-02-20,BHARTIARTL,0.3333333333333333
2023-02-20,BAJFINANCE,0.0
2023-02-20,RELIANCE,0.0
2023-02-20,HINDUNILVR,0.0
2023-02-20,HDFCBANK,0.0
2023-02-20,TCS,0.0
2023-02-20,MARUTI,0.0
2023-02-20,ICICIBANK,0.0
2023-02-27,HCLTECH,0.3333333333333333
2023-02-27,INFY,0.3333333333333333
2023-02-27,RELIANCE,0.3333333333333333
2023-02-27,HDFCBANK,0.0
2023-02-27,BAJFINANCE,0.0
2023-02-27,BHARTIARTL,0.0
2023-02-27,TCS,0.0
2023-02-27,MARUTI,0.0
2023-02-27,HINDUNILVR,0.0
2023-02-27,ICICIBANK,0.0
2023-03-06,RELIANCE,0.3333333333333333
2023-03-06,HCLTECH,0.3333333333333333
2023-03-06,BAJFINANCE,0.3333333333333333
2023-03-06,INFY,0.0
2023-03-06,MARUTI,0.0
2023-03-06,TCS,0.0
2023-03-06,BHARTIARTL,0.0
2023-03-06,HDFCBANK,0.0
2023-03-06,ICICIBANK,0.0
2023-03-06,HINDUNILVR,0.0
2023-03-13,TCS,0.3333333333333333
2023-03-13,INFY,0.3333333333333333
2023-03-13,HCLTECH,0.3333333333333333
2023-03-13,BAJFINANCE,0.0
2023-03-13,RELIANCE,0.0
2023-03-13,BHARTIARTL,0.0
2023-03-13,HDFCBANK,0.0
2023-03-13,ICICIBANK,0.0
2023-03-13,MARUTI,0.0
2023-03-13,HINDUNILVR,0.0
2023-03-20,TCS,0.3333333333333333
2023-03-20,BAJFINANCE,0.3333333333333333
2023-03-20,HINDUNILVR,0.3333333333333333
2023-03-20,HCLTECH,0.0
2023-03-20,RELIANCE,0.0
2023-03-20,INFY,0.0
2023-03-20,BHARTIARTL,0.0
2023-03-20,HDFCBANK,0.0
2023-03-20,ICICIBANK,0.0
2023-03-20,MARUTI,0.0
2023-03-27,BAJFINANCE,0.3333333333333333
2023-03-27,HCLTECH,0.3333333333333333
2023-03-27,HDFCBANK,0.3333333333333333
2023-03-27,HINDUNILVR,0.0
2023-03-27,BHARTIARTL,0.0
2023-03-27,RELIANCE,0.0
2023-03-27,INFY,0.0
2023-03-27,TCS,0.0
2023-03-27,ICICIBANK,0.0
2023-03-27,MARUTI,0.0
2023-04-03,MARUTI,0.3333333333333333
2023-04-03,HINDUNILVR,0.3333333333333333
2023-04-03,HDFCBANK,0.3333333333333333
2023-04-03,BAJFINANCE,0.0
2023-04-03,HCLTECH,0.0
2023-04-03,BHARTIARTL,0.0
2023-04-03,TCS,0.0
2023-04-03,INFY,0.0
2023-04-03,RELIANCE,0.0
2023-04-03,ICICIBANK,0.0
2023-04-10,MARUTI,0.3333333333333333
2023-04-10,HDFCBANK,0.3333333333333333
2023-04-10,HCLTECH,0.3333333333333333
2023-04-10,HINDUNILVR,0.0
2023-04-10,RELIANCE,0.0
2023-04-10,BAJFINANCE,0.0
2023-04-10,INFY,0.0
2023-04-10,BHARTIARTL,0.0
2023-04-10,TCS,0.0
2023-04-10,ICICIBANK,0.0
2023-04-17,INFY,0.3333333333333333
2023-04-17,BHARTIARTL,0.3333333333333333
2023-04-17,HCLTECH,0.3333333333333333
2023-04-17,HDFCBANK,0.0
2023-04-17,MARUTI,0.0
2023-04-17,RELIANCE,0.0
2023-04-17,BAJFINANCE,0.0
2023-04-17,HINDUNILVR,0.0
2023-04-17,TCS,0.0
2023-04-17,ICICIBANK,0.0
2023-04-24,INFY,0.3333333333333333
2023-04-24,HDFCBANK,0.3333333333333333
2023-04-24,BAJFINANCE,0.3333333333333333
2023-04-24,MARUTI,0.0
2023-04-24,HCLTECH,0.0
2023-04-24,HINDUNILVR,0.0
2023-04-24,BHARTIARTL,0.0
2023-04-24,TCS,0.0
2023-04-24,RELIANCE,0.0
2023-04-24,ICICIBANK,0.0
2023-05-01,INFY,0.3333333333333333
2023-05-01,HCLTECH,0.3333333333333333
2023-05-01,MARUTI,0.3333333333333333
2023-05-01,HINDUNILVR,0.0
2023-05-01,BHARTIARTL,0.0
2023-05-01,RELIANCE,0.0
2023-05-01,BAJFINANCE,0.0
2023-05-01,HDFCBANK,0.0
2023-05-01,TCS,0.0
2023-05-01,ICICIBANK,0.0
2023-05-08,INFY,0.3333333333333333
2023-05-08,HINDUNILVR,0.3333333333333333
2023-05-08,BAJFINANCE,0.3333333333333333
2023-05-08,HCLTECH,0.0
2023-05-08,TCS,0.0
2023-05-08,RELIANCE,0.0
2023-05-08,BHARTIARTL,0.0
2023-05-08,HDFCBANK,0.0
2023-05-08,ICICIBANK,0.0
2023-05-08,MARUTI,0.0
2023-05-15,INFY,0.3333333333333333
2023-05-15,TCS,0.3333333333333333
2023-05-15,RELIANCE,0.3333333333333333
2023-05-15,MARUTI,0.0
2023-05-15,BAJFINANCE,0.0
2023-05-15,HCLTECH,0.0
2023-05-15,HDFCBANK,0.0
2023-05-15,BHARTIARTL,0.0
2023-05-15,HINDUNILVR,0.0
2023-05-15,ICICIBANK,0.0
2023-05-22,TCS,0.3333333333333333
2023-05-22,BAJFINANCE,0.3333333333333333
2023-05-22,RELIANCE,0.3333333333333333
2023-05-22,HCLTECH,0.0
2023-05-22,MARUTI,0.0
2023-05-22,BHARTIARTL,0.0
2023-05-22,INFY,0.0
2023-05-22,HDFCBANK,0.0
2023-05-22,HINDUNILVR,0.0
2023-05-22,ICICIBANK,0.0
2023-05-29,RELIANCE,0.3333333333333333
2023-05-29,TCS,0.3333333333333333
2023-05-29,INFY,0.3333333333333333
2023-05-29,HDFCBANK,0.0
2023-05-29,HCLTECH,0.0
2023-05-29,BAJFINANCE,0.0
2023-05-29,MARUTI,0.0
2023-05-29,BHARTIARTL,0.0
2023-05-29,HINDUNILVR,0.0
2023-05-29,ICICIBANK,0.0
2023-06-05,RELIANCE,0.3333333333333333
2023-06-05,INFY,0.3333333333333333
2023-06-05,HCLTECH,0.3333333333333333
2023-06-05,HDFCBANK,0.0
2023-06-05,MARUTI,0.0
2023-06-05,BHARTIARTL,0.0
2023-06-05,HINDUNILVR,0.0
2023-06-05,BAJFINANCE,0.0
2023-06-05,TCS,0.0
2023-06-05,ICICIBANK,0.0
2023-06-12,RELIANCE,0.3333333333333333
2023-06-12,INFY,0.3333333333333333
2023-06-12,HINDUNILVR,0.3333333333333333
2023-06-12,HCLTECH,0.0
2023-06-12,MARUTI,0.0
2023-06-12,BHARTIARTL,0.0
2023-06-12,HDFCBANK,0.0
2023-06-12,TCS,0.0
2023-06-12,BAJFINANCE,0.0
2023-06-12,ICICIBANK,0.0
2023-06-19,TCS,0.3333333333333333
2023-06-19,RELIANCE,0.3333333333333333
2023-06-19,HDFCBANK,0.3333333333333333
2023-06-19,BAJFINANCE,0.0
2023-06-19,INFY,0.0
2023-06-19,HCLTECH,0.0
2023-06-19,BHARTIARTL,0.0
2023-06-19,HINDUNILVR,0.0
2023-06-19,ICICIBANK,0.0
2023-06-19,MARUTI,0.0
2023-06-26,BAJFINANCE,0.3333333333333333
2023-06-26,MARUTI,0.3333333333333333
2023-06-26,HDFCBANK,0.3333333333333333
2023-06-26,INFY,0.0
2023-06-26,RELIANCE,0.0
2023-06-26,HINDUNILVR,0.0
2023-06-26,HCLTECH,0.0
2023-06-26,TCS,0.0
2023-06-26,BHARTIARTL,0.0
2023-06-26,ICICIBANK,0.0
2023-07-03,BHARTIARTL,0.3333333333333333
2023-07-03,INFY,0.3333333333333333
2023-07-03,BAJFINANCE,0.3333333333333333
2023-07-03,HDFCBANK,0.0
2023-07-03,MARUTI,0.0
2023-07-03,HINDUNILVR,0.0
2023-07-03,TCS,0.0
2023-07-03,RELIANCE,0.0
2023-07-03,HCLTECH,0.0
2023-07-03,ICICIBANK,0.0
2023-07-10,MARUTI,0.3333333333333333
2023-07-10,HCLTECH,0.3333333333333333
2023-07-10,HDFCBANK,0.3333333333333333
2023-07-10,BAJFINANCE,0.0
2023-07-10,BHARTIARTL,0.0
2023-07-10,RELIANCE,0.0
2023-07-10,HINDUNILVR,0.0
2023-07-10,INFY,0.0
2023-07-10,TCS,0.0
2023-07-10,ICICIBANK,0.0
2023-07-17,HCLTECH,0.3333333333333333
2023-07-17,INFY,0.3333333333333333
2023-07-17,HDFCBANK,0.3333333333333333
2023-07-17,BAJFINANCE,0.0
2023-07-17,MARUTI,0.0
2023-07-17,RELIANCE,0.0
2023-07-17,BHARTIARTL,0.0
2023-07-17,HINDUNILVR,0.0
2023-07-17,TCS,0.0
2023-07-17,ICICIBANK,0.0
2023-07-24,BHARTIARTL,0.3333333333333333
2023-07-24,HCLTECH,0.3333333333333333
2023-07-24,BAJFINANCE,0.3333333333333333
2023-07-24,MARUTI,0.0
2023-07-24,RELIANCE,0.0
2023-07-24,TCS,0.0
2023-07-24,INFY,0.0
2023-07-24,HDFCBANK,0.0
2023-07-24,HINDUNILVR,0.0
2023-07-24,ICICIBANK,0.0
2023-07-31,BAJFINANCE,0.3333333333333333
2023-07-31,MARUTI,0.3333333333333333
2023-07-31,HCLTECH,0.3333333333333333
2023-07-31,RELIANCE,0.0
2023-07-31,TCS,0.0
2023-07-31,INFY,0.0
2023-07-31,HDFCBANK,0.0
2023-07-31,BHARTIARTL,0.0
2023-07-31,HINDUNILVR,0.0
2023-07-31,ICICIBANK,0.0
2023-08-07,HCLTECH,0.3333333333333333
2023-08-07,RELIANCE,0.3333333333333333
2023-08-07,INFY,0.3333333333333333
2023-08-07,BHARTIARTL,0.0
2023-08-07,HINDUNILVR,0.0
2023-08-07,BAJFINANCE,0.0
2023-08-07,HDFCBANK,0.0
2023-08-07,TCS,0.0
2023-08-07,MARUTI,0.0
2023-08-07,ICICIBANK,0.0
2023-08-14,BHARTIARTL,0.3333333333333333
2023-08-14,HCLTECH,0.3333333333333333
2023-08-14,INFY,0.3333333333333333
2023-08-14,BAJFINANCE,0.0
2023-08-14,RELIANCE,0.0
2023-08-14,MARUTI,0.0
2023-08-14,HDFCBANK,0.0
2023-08-14,HINDUNILVR,0.0
2023-08-14,TCS,0.0
2023-08-14,ICICIBANK,0.0
2023-08-21,RELIANCE,0.3333333333333333
2023-08-21,BAJFINANCE,0.3333333333333333
2023-08-21,INFY,0.3333333333333333
2023-08-21,HINDUNILVR,0.0
2023-08-21,HCLTECH,0.0
2023-08-21,HDFCBANK,0.0
2023-08-21,MARUTI,0.0
2023-08-21,TCS,0.0
2023-08-21,BHARTIARTL,0.0
2023-08-21,ICICIBANK,0.0
2023-08-28,TCS,0.3333333333333333
2023-08-28,RELIANCE,0.3333333333333333
2023-08-28,INFY,0.3333333333333333
2023-08-28,HCLTECH,0.0
2023-08-28,BHARTIARTL,0.0
2023-08-28,BAJFINANCE,0.0
2023-08-28,HINDUNILVR,0.0
2023-08-28,MARUTI,0.0
2023-08-28,HDFCBANK,0.0
2023-08-28,ICICIBANK,0.0
2023-09-04,TCS,0.3333333333333333
2023-09-04,RELIANCE,0.3333333333333333
2023-09-04,HCLTECH,0.3333333333333333
2023-09-04,INFY,0.0
2023-09-04,MARUTI,0.0
2023-09-04,HDFCBANK,0.0
2023-09-04,BAJFINANCE,0.0
2023-09-04,BHARTIARTL,0.0
2023-09-04,HINDUNILVR,0.0
2023-09-04,ICICIBANK,0.0
2023-09-11,TCS,0.3333333333333333
2023-09-11,RELIANCE,0.3333333333333333
2023-09-11,HDFCBANK,0.3333333333333333
2023-09-11,INFY,0.0
2023-09-11,MARUTI,0.0
2023-09-11,HINDUNILVR,0.0
2023-09-11,HCLTECH,0.0
2023-09-11,BHARTIARTL,0.0
2023-09-11,ICICIBANK,0.0
2023-09-11,BAJFINANCE,0.0
2023-09-18,TCS,0.3333333333333333
2023-09-18,RELIANCE,0.3333333333333333
2023-09-18,HDFCBANK,0.3333333333333333
2023-09-18,HCLTECH,0.0
2023-09-18,INFY,0.0
2023-09-18,BHARTIARTL,0.0
2023-09-18,MARUTI,0.0
2023-09-18,ICICIBANK,0.0
2023-09-18,HINDUNILVR,0.0
2023-09-18,BAJFINANCE,0.0
2023-09-25,RELIANCE,0.3333333333333333
2023-09-25,INFY,0.3333333333333333
2023-09-25,TCS,0.3333333333333333
2023-09-25,HDFCBANK,0.0
2023-09-25,BHARTIARTL,0.0
2023-09-25,MARUTI,0.0
2023-09-25,HCLTECH,0.0
2023-09-25,HINDUNILVR,0.0
2023-09-25,ICICIBANK,0.0
2023-09-25,BAJFINANCE,0.0
2023-10-02,RELIANCE,0.3333333333333333
2023-10-02,HCLTECH,0.3333333333333333
2023-10-02,INFY,0.3333333333333333
2023-10-02,HINDUNILVR,0.0
2023-10-02,MARUTI,0.0
2023-10-02,BAJFINANCE,0.0
2023-10-02,TCS,0.0
2023-10-02,BHARTIARTL,0.0
2023-10-02,HDFCBANK,0.0
2023-10-02,ICICIBANK,0.0
2023-10-09,TCS,0.3333333333333333
2023-10-09,RELIANCE,0.3333333333333333
2023-10-09,HINDUNILVR,0.3333333333333333
2023-10-09,HDFCBANK,0.0
2023-10-09,HCLTECH,0.0
2023-10-09,MARUTI,0.0
2023-10-09,BAJFINANCE,0.0
2023-10-09,INFY,0.0
2023-10-09,ICICIBANK,0.0
2023-10-09,BHARTIARTL,0.0
2023-10-16,RELIANCE,0.3333333333333333
2023-10-16,TCS,0.3333333333333333
2023-10-16,BHARTIARTL,0.3333333333333333
2023-10-16,HDFCBANK,0.0
2023-10-16,HCLTECH,0.0
2023-10-16,BAJFINANCE,0.0
2023-10-16,MARUTI,0.0
2023-10-16,INFY,0.0
2023-10-16,HINDUNILVR,0.0
2023-10-16,ICICIBANK,0.0
2023-10-23,RELIANCE,0.3333333333333333
2023-10-23,HDFCBANK,0.3333333333333333
2023-10-23,MARUTI,0.3333333333333333
2023-10-23,TCS,0.0
2023-10-23,BAJFINANCE,0.0
2023-10-23,INFY,0.0
2023-10-23,HCLTECH,0.0
2023-10-23,BHARTIARTL,0.0
2023-10-23,HINDUNILVR,0.0
2023-10-23,ICICIBANK,0.0
2023-10-30,RELIANCE,0.3333333333333333
2023-10-30,HDFCBANK,0.3333333333333333
2023-10-30,HINDUNILVR,0.3333333333333333
2023-10-30,MARUTI,0.0
2023-10-30,BAJFINANCE,0.0
2023-10-30,INFY,0.0
2023-10-30,HCLTECH,0.0
2023-10-30,TCS,0.0
2023-10-30,BHARTIARTL,0.0
2023-10-30,ICICIBANK,0.0
2023-11-06,RELIANCE,0.3333333333333333
2023-11-06,BAJFINANCE,0.3333333333333333
2023-11-06,HDFCBANK,0.3333333333333333
2023-11-06,INFY,0.0
2023-11-06,HINDUNILVR,0.0
2023-11-06,BHARTIARTL,0.0
2023-11-06,MARUTI,0.0
2023-11-06,HCLTECH,0.0
2023-11-06,TCS,0.0
2023-11-06,ICICIBANK,0.0
2023-11-13,RELIANCE,0.3333333333333333
2023-11-13,HINDUNILVR,0.3333333333333333
2023-11-13,BAJFINANCE,0.3333333333333333
2023-11-13,INFY,0.0
2023-11-13,BHARTIARTL,0.0
2023-11-13,TCS,0.0
2023-11-13,MARUTI,0.0
2023-11-13,HDFCBANK,0.0
2023-11-13,HCLTECH,0.0
2023-11-13,ICICIBANK,0.0
2023-11-20,HDFCBANK,0.3333333333333333
2023-11-20,HINDUNILVR,0.3333333333333333
2023-11-20,INFY,0.3333333333333333
2023-11-20,BHARTIARTL,0.0
2023-11-20,RELIANCE,0.0
2023-11-20,BAJFINANCE,0.0
2023-11-20,HCLTECH,0.0
2023-11-20,MARUTI,0.0
2023-11-20,TCS,0.0
2023-11-20,ICICIBANK,0.0
2023-11-27,HDFCBANK,0.3333333333333333
2023-11-27,HINDUNILVR,0.3333333333333333
2023-11-27,RELIANCE,0.3333333333333333
2023-11-27,HCLTECH,0.0
2023-11-27,MARUTI,0.0
2023-11-27,BHARTIARTL,0.0
2023-11-27,INFY,0.0
2023-11-27,TCS,0.0
2023-11-27,BAJFINANCE,0.0
2023-11-27,ICICIBANK,0.0
2023-12-04,ICICIBANK,0.3333333333333333
2023-12-04,HINDUNILVR,0.3333333333333333
2023-12-04,RELIANCE,0.3333333333333333
2023-12-04,MARUTI,0.0
2023-12-04,BHARTIARTL,0.0
2023-12-04,HCLTECH,0.0
2023-12-04,INFY,0.0
2023-12-04,TCS,0.0
2023-12-04,BAJFINANCE,0.0
2023-12-04,HDFCBANK,0.0
2023-12-11,ICICIBANK,0.3333333333333333
2023-12-11,RELIANCE,0.3333333333333333
2023-12-11,HINDUNILVR,0.3333333333333333
2023-12-11,BHARTIARTL,0.0
2023-12-11,HDFCBANK,0.0
2023-12-11,MARUTI,0.0
2023-12-11,BAJFINANCE,0.0
2023-12-11,TCS,0.0
2023-12-11,INFY,0.0
2023-12-11,HCLTECH,0.0
2023-12-18,HINDUNILVR,0.3333333333333333
2023-12-18,HDFCBANK,0.3333333333333333
2023-12-18,ICICIBANK,0.3333333333333333
2023-12-18,RELIANCE,0.0
2023-12-18,BHARTIARTL,0.0
2023-12-18,INFY,0.0
2023-12-18,MARUTI,0.0
2023-12-18,BAJFINANCE,0.0
2023-12-18,TCS,0.0
2023-12-18,HCLTECH,0.0
2023-12-25,INFY,0.3333333333333333
2023-12-25,HINDUNILVR,0.3333333333333333
2023-12-25,BHARTIARTL,0.3333333333333333
2023-12-25,TCS,0.0
2023-12-25,HDFCBANK,0.0
2023-12-25,ICICIBANK,0.0
2023-12-25,MARUTI,0.0
2023-12-25,RELIANCE,0.0
2023-12-25,HCLTECH,0.0
2023-12-25,BAJFINANCE,0.0
2024-01-01,INFY,0.3333333333333333
2024-01-01,HDFCBANK,0.3333333333333333
2024-01-01,BAJFINANCE,0.3333333333333333
2024-01-01,TCS,0.0
2024-01-01,HINDUNILVR,0.0
2024-01-01,BHARTIARTL,0.0
2024-01-01,RELIANCE,0.0
2024-01-01,HCLTECH,0.0
2024-01-01,MARUTI,0.0
2024-01-01,ICICIBANK,0.0
2024-01-08,INFY,0.3333333333333333
2024-01-08,BAJFINANCE,0.3333333333333333
2024-01-08,TCS,0.3333333333333333
2024-01-08,RELIANCE,0.0
2024-01-08,HINDUNILVR,0.0
2024-01-08,ICICIBANK,0.0
2024-01-08,HDFCBANK,0.0
2024-01-08,HCLTECH,0.0
2024-01-08,BHARTIARTL,0.0
2024-01-08,MARUTI,0.0
2024-01-15,HCLTECH,0.3333333333333333
2024-01-15,BAJFINANCE,0.3333333333333333
2024-01-15,TCS,0.3333333333333333
2024-01-15,INFY,0.0
2024-01-15,RELIANCE,0.0
2024-01-15,MARUTI,0.0
2024-01-15,HDFCBANK,0.0
2024-01-15,ICICIBANK,0.0
2024-01-15,HINDUNILVR,0.0
2024-01-15,BHARTIARTL,0.0
2024-01-22,HINDUNILVR,0.3333333333333333
2024-01-22,BAJFINANCE,0.3333333333333333
2024-01-22,INFY,0.3333333333333333
2024-01-22,RELIANCE,0.0
2024-01-22,BHARTIARTL,0.0
2024-01-22,TCS,0.0
2024-01-22,HDFCBANK,0.0
2024-01-22,ICICIBANK,0.0
2024-01-22,MARUTI,0.0
2024-01-22,HCLTECH,0.0
2024-01-29,BAJFINANCE,0.3333333333333333
2024-01-29,INFY,0.3333333333333333
2024-01-29,RELIANCE,0.3333333333333333
2024-01-29,TCS,0.0
2024-01-29,BHARTIARTL,0.0
2024-01-29,HCLTECH,0.0
2024-01-29,ICICIBANK,0.0
2024-01-29,HDFCBANK,0.0
2024-01-29,MARUTI,0.0
2024-01-29,HINDUNILVR,0.0
2024-02-05,BAJFINANCE,0.3333333333333333
2024-02-05,INFY,0.3333333333333333
2024-02-05,RELIANCE,0.3333333333333333
2024-02-05,BHARTIARTL,0.0
2024-02-05,HDFCBANK,0.0
2024-02-05,MARUTI,0.0
2024-02-05,HINDUNILVR,0.0
2024-02-05,ICICIBANK,0.0
2024-02-05,HCLTECH,0.0
2024-02-05,TCS,0.0
2024-02-12,INFY,0.3333333333333333
2024-02-12,HDFCBANK,0.3333333333333333
2024-02-12,BAJFINANCE,0.3333333333333333
2024-02-12,HCLTECH,0.0
2024-02-12,RELIANCE,0.0
2024-02-12,HINDUNILVR,0.0
2024-02-12,BHARTIARTL,0.0
2024-02-12,ICICIBANK,0.0
2024-02-12,TCS,0.0
2024-02-12,MARUTI,0.0
2024-02-19,INFY,0.3333333333333333
2024-02-19,HCLTECH,0.3333333333333333
2024-02-19,RELIANCE,0.3333333333333333
2024-02-19,BAJFINANCE,0.0
2024-02-19,BHARTIARTL,0.0
2024-02-19,HDFCBANK,0.0
2024-02-19,TCS,0.0
2024-02-19,ICICIBANK,0.0
2024-02-19,HINDUNILVR,0.0
2024-02-19,MARUTI,0.0
2024-02-26,HDFCBANK,0.3333333333333333
2024-02-26,INFY,0.3333333333333333
2024-02-26,TCS,0.3333333333333333
2024-02-26,ICICIBANK,0.0
2024-02-26,HINDUNILVR,0.0
2024-02-26,BHARTIARTL,0.0
2024-02-26,HCLTECH,0.0
2024-02-26,MARUTI,0.0
2024-02-26,BAJFINANCE,0.0
2024-02-26,RELIANCE,0.0
2024-03-04,HDFCBANK,0.3333333333333333
2024-03-04,INFY,0.3333333333333333
2024-03-04,HCLTECH,0.3333333333333333
2024-03-04,MARUTI,0.0
2024-03-04,HINDUNILVR,0.0
2024-03-04,RELIANCE,0.0
2024-03-04,BAJFINANCE,0.0
2024-03-04,ICICIBANK,0.0
2024-03-04,TCS,0.0
2024-03-04,BHARTIARTL,0.0
2024-03-11,HINDUNILVR,0.3333333333333333
2024-03-11,HDFCBANK,0.3333333333333333
2024-03-11,MARUTI,0.3333333333333333
2024-03-11,HCLTECH,0.0
2024-03-11,INFY,0.0
2024-03-11,TCS,0.0
2024-03-11,BAJFINANCE,0.0
2024-03-11,RELIANCE,0.0
2024-03-11,BHARTIARTL,0.0
2024-03-11,ICICIBANK,0.0
2024-03-18,HINDUNILVR,0.3333333333333333
2024-03-18,HDFCBANK,0.3333333333333333
2024-03-18,TCS,0.3333333333333333
2024-03-18,HCLTECH,0.0
2024-03-18,INFY,0.0
2024-03-18,BHARTIARTL,0.0
2024-03-18,RELIANCE,0.0
2024-03-18,ICICIBANK,0.0
2024-03-18,BAJFINANCE,0.0
2024-03-18,MARUTI,0.0
2024-03-25,HCLTECH,0.3333333333333333
2024-03-25,HDFCBANK,0.3333333333333333
2024-03-25,TCS,0.3333333333333333
2024-03-25,BAJFINANCE,0.0
2024-03-25,INFY,0.0
2024-03-25,RELIANCE,0.0
2024-03-25,BHARTIARTL,0.0
2024-03-25,ICICIBANK,0.0
2024-03-25,MARUTI,0.0
2024-03-25,HINDUNILVR,0.0
2024-04-01,HCLTECH,0.3333333333333333
2024-04-01,BHARTIARTL,0.3333333333333333
2024-04-01,TCS,0.3333333333333333
2024-04-01,HDFCBANK,0.0
2024-04-01,MARUTI,0.0
2024-04-01,RELIANCE,0.0
2024-04-01,INFY,0.0
2024-04-01,HINDUNILVR,0.0
2024-04-01,BAJFINANCE,0.0
2024-04-01,ICICIBANK,0.0
2024-04-08,HCLTECH,0.3333333333333333
2024-04-08,INFY,0.3333333333333333
2024-04-08,HDFCBANK,0.3333333333333333
2024-04-08,RELIANCE,0.0
2024-04-08,TCS,0.0
2024-04-08,MARUTI,0.0
2024-04-08,BHARTIARTL,0.0
2024-04-08,HINDUNILVR,0.0
2024-04-08,BAJFINANCE,0.0
2024-04-08,ICICIBANK,0.0
2024-04-15,INFY,0.3333333333333333
2024-04-15,HCLTECH,0.3333333333333333
2024-04-15,HDFCBANK,0.3333333333333333
2024-04-15,BAJFINANCE,0.0
2024-04-15,TCS,0.0
2024-04-15,RELIANCE,0.0
2024-04-15,ICICIBANK,0.0
2024-04-15,MARUTI,0.0
2024-04-15,BHARTIARTL,0.0
2024-04-15,HINDUNILVR,0.0
2024-04-22,INFY,0.3333333333333333
2024-04-22,BAJFINANCE,0.3333333333333333
2024-04-22,HCLTECH,0.3333333333333333
2024-04-22,HDFCBANK,0.0
2024-04-22,MARUTI,0.0
2024-04-22,RELIANCE,0.0
2024-04-22,TCS,0.0
2024-04-22,HINDUNILVR,0.0
2024-04-22,ICICIBANK,0.0
2024-04-22,BHARTIARTL,0.0
2024-04-29,INFY,0.3333333333333333
2024-04-29,HCLTECH,0.3333333333333333
2024-04-29,RELIANCE,0.3333333333333333
2024-04-29,BAJFINANCE,0.0
2024-04-29,MARUTI,0.0
2024-04-29,HDFCBANK,0.0
2024-04-29,BHARTIARTL,0.0
2024-04-29,ICICIBANK,0.0
2024-04-29,TCS,0.0
2024-04-29,HINDUNILVR,0.0
2024-05-06,HCLTECH,0.3333333333333333
2024-05-06,RELIANCE,0.3333333333333333
2024-05-06,BAJFINANCE,0.3333333333333333
2024-05-06,INFY,0.0
2024-05-06,HINDUNILVR,0.0
2024-05-06,MARUTI,0.0
2024-05-06,BHARTIARTL,0.0
2024-05-06,ICICIBANK,0.0
2024-05-06,HDFCBANK,0.0
2024-05-06,TCS,0.0
2024-05-13,HCLTECH,0.3333333333333333
2024-05-13,INFY,0.3333333333333333
2024-05-13,RELIANCE,0.3333333333333333
2024-05-13,MARUTI,0.0
2024-05-13,BAJFINANCE,0.0
2024-05-13,HINDUNILVR,0.0
2024-05-13,TCS,0.0
2024-05-13,ICICIBANK,0.0
2024-05-13,BHARTIARTL,0.0
2024-05-13,HDFCBANK,0.0
2024-05-20,INFY,0.3333333333333333
2024-05-20,HCLTECH,0.3333333333333333
2024-05-20,HDFCBANK,0.3333333333333333
2024-05-20,MARUTI,0.0
2024-05-20,BAJFINANCE,0.0
2024-05-20,ICICIBANK,0.0
2024-05-20,HINDUNILVR,0.0
2024-05-20,TCS,0.0
2024-05-20,RELIANCE,0.0
2024-05-20,BHARTIARTL,0.0
2024-05-27,INFY,0.3333333333333333
2024-05-27,HCLTECH,0.3333333333333333
2024-05-27,RELIANCE,0.3333333333333333
2024-05-27,HDFCBANK,0.0
2024-05-27,MARUTI,0.0
2024-05-27,TCS,0.0
2024-05-27,BHARTIARTL,0.0
2024-05-27,BAJFINANCE,0.0
2024-05-27,HINDUNILVR,0.0
2024-05-27,ICICIBANK,0.0
2024-06-03,HCLTECH,0.3333333333333333
2024-06-03,BAJFINANCE,0.3333333333333333
2024-06-03,MARUTI,0.3333333333333333
2024-06-03,RELIANCE,0.0
2024-06-03,TCS,0.0
2024-06-03,ICICIBANK,0.0
2024-06-03,HINDUNILVR,0.0
2024-06-03,BHARTIARTL,0.0
2024-06-03,HDFCBANK,0.0
2024-06-03,INFY,0.0
2024-06-10,MARUTI,0.3333333333333333
2024-06-10,HCLTECH,0.3333333333333333
2024-06-10,BAJFINANCE,0.3333333333333333
2024-06-10,INFY,0.0
2024-06-10,RELIANCE,0.0
2024-06-10,ICICIBANK,0.0
2024-06-10,HINDUNILVR,0.0
2024-06-10,TCS,0.0
2024-06-10,HDFCBANK,0.0
2024-06-10,BHARTIARTL,0.0
2024-06-17,HCLTECH,0.3333333333333333
2024-06-17,BAJFINANCE,0.3333333333333333
2024-06-17,INFY,0.3333333333333333
2024-06-17,RELIANCE,0.0
2024-06-17,HINDUNILVR,0.0
2024-06-17,ICICIBANK,0.0
2024-06-17,BHARTIARTL,0.0
2024-06-17,MARUTI,0.0
2024-06-17,HDFCBANK,0.0
2024-06-17,TCS,0.0
2024-06-24,BAJFINANCE,0.3333333333333333
2024-06-24,HCLTECH,0.3333333333333333
2024-06-24,ICICIBANK,0.3333333333333333
2024-06-24,RELIANCE,0.0
2024-06-24,BHARTIARTL,0.0
2024-06-24,HINDUNILVR,0.0
2024-06-24,TCS,0.0
2024-06-24,MARUTI,0.0
2024-06-24,HDFCBANK,0.0
2024-06-24,INFY,0.0
2024-07-01,ICICIBANK,0.3333333333333333
2024-07-01,HDFCBANK,0.3333333333333333
2024-07-01,BAJFINANCE,0.3333333333333333
2024-07-01,RELIANCE,0.0
2024-07-01,BHARTIARTL,0.0
2024-07-01,HINDUNILVR,0.0
2024-07-01,TCS,0.0
2024-07-01,INFY,0.0
2024-07-01,MARUTI,0.0
2024-07-01,HCLTECH,0.0
2024-07-08,MARUTI,0.3333333333333333
2024-07-08,HINDUNILVR,0.3333333333333333
2024-07-08,BHARTIARTL,0.3333333333333333
2024-07-08,HDFCBANK,0.0
2024-07-08,ICICIBANK,0.0
2024-07-08,TCS,0.0
2024-07-08,RELIANCE,0.0
2024-07-08,BAJFINANCE,0.0
2024-07-08,INFY,0.0
2024-07-08,HCLTECH,0.0
2024-07-15,MARUTI,0.3333333333333333
2024-07-15,RELIANCE,0.3333333333333333
2024-07-15,BHARTIARTL,0.3333333333333333
2024-07-15,HDFCBANK,0.0
2024-07-15,HINDUNILVR,0.0
2024-07-15,TCS,0.0
2024-07-15,ICICIBANK,0.0
2024-07-15,BAJFINANCE,0.0
2024-07-15,INFY,0.0
2024-07-15,HCLTECH,0.0
2024-07-22,HCLTECH,0.3333333333333333
2024-07-22,BAJFINANCE,0.3333333333333333
2024-07-22,MARUTI,0.3333333333333333
2024-07-22,HINDUNILVR,0.0
2024-07-22,HDFCBANK,0.0
2024-07-22,BHARTIARTL,0.0
2024-07-22,ICICIBANK,0.0
2024-07-22,RELIANCE,0.0
2024-07-22,INFY,0.0
2024-07-22,TCS,0.0
2024-07-29,INFY,0.3333333333333333
2024-07-29,HCLTECH,0.3333333333333333
2024-07-29,HDFCBANK,0.3333333333333333
2024-07-29,BHARTIARTL,0.0
2024-07-29,ICICIBANK,0.0
2024-07-29,MARUTI,0.0
2024-07-29,HINDUNILVR,0.0
2024-07-29,TCS,0.0
2024-07-29,RELIANCE,0.0
2024-07-29,BAJFINANCE,0.0
2024-08-05,INFY,0.3333333333333333
2024-08-05,HINDUNILVR,0.3333333333333333
2024-08-05,MARUTI,0.3333333333333333
2024-08-05,HDFCBANK,0.0
2024-08-05,ICICIBANK,0.0
2024-08-05,HCLTECH,0.0
2024-08-05,BHARTIARTL,0.0
2024-08-05,TCS,0.0
2024-08-05,BAJFINANCE,0.0
2024-08-05,RELIANCE,0.0
2024-08-12,INFY,0.3333333333333333
2024-08-12,MARUTI,0.3333333333333333
2024-08-12,HDFCBANK,0.3333333333333333
2024-08-12,TCS,0.0
2024-08-12,ICICIBANK,0.0
2024-08-12,BHARTIARTL,0.0
2024-08-12,HCLTECH,0.0
2024-08-12,HINDUNILVR,0.0
2024-08-12,RELIANCE,0.0
2024-08-12,BAJFINANCE,0.0
2024-08-19,INFY,0.3333333333333333
2024-08-19,HDFCBANK,0.3333333333333333
2024-08-19,MARUTI,0.3333333333333333
2024-08-19,HCLTECH,0.0
2024-08-19,TCS,0.0
2024-08-19,RELIANCE,0.0
2024-08-19,BHARTIARTL,0.0
2024-08-19,HINDUNILVR,0.0
2024-08-19,ICICIBANK,0.0
2024-08-19,BAJFINANCE,0.0
2024-08-26,INFY,0.3333333333333333
2024-08-26,BAJFINANCE,0.3333333333333333
2024-08-26,HDFCBANK,0.3333333333333333
2024-08-26,RELIANCE,0.0
2024-08-26,TCS,0.0
2024-08-26,MARUTI,0.0
2024-08-26,HINDUNILVR,0.0
2024-08-26,HCLTECH,0.0
2024-08-26,ICICIBANK,0.0
2024-08-26,BHARTIARTL,0.0
2024-09-02,RELIANCE,0.3333333333333333
2024-09-02,HCLTECH,0.3333333333333333
2024-09-02,BHARTIARTL,0.3333333333333333
2024-09-02,HINDUNILVR,0.0
2024-09-02,MARUTI,0.0
2024-09-02,INFY,0.0
2024-09-02,HDFCBANK,0.0
2024-09-02,BAJFINANCE,0.0
2024-09-02,ICICIBANK,0.0
2024-09-02,TCS,0.0
2024-09-09,TCS,0.3333333333333333
2024-09-09,RELIANCE,0.3333333333333333
2024-09-09,INFY,0.3333333333333333
2024-09-09,HDFCBANK,0.0
2024-09-09,HCLTECH,0.0
2024-09-09,HINDUNILVR,0.0
2024-09-09,BHARTIARTL,0.0
2024-09-09,MARUTI,0.0
2024-09-09,BAJFINANCE,0.0
2024-09-09,ICICIBANK,0.0
2024-09-16,RELIANCE,0.3333333333333333
2024-09-16,INFY,0.3333333333333333
2024-09-16,HDFCBANK,0.3333333333333333
2024-09-16,MARUTI,0.0
2024-09-16,BAJFINANCE,0.0
2024-09-16,ICICIBANK,0.0
2024-09-16,HINDUNILVR,0.0
2024-09-16,HCLTECH,0.0
2024-09-16,TCS,0.0
2024-09-16,BHARTIARTL,0.0
2024-09-23,RELIANCE,0.3333333333333333
2024-09-23,INFY,0.3333333333333333
2024-09-23,HDFCBANK,0.3333333333333333
2024-09-23,HCLTECH,0.0
2024-09-23,BAJFINANCE,0.0
2024-09-23,HINDUNILVR,0.0
2024-09-23,ICICIBANK,0.0
2024-09-23,TCS,0.0
2024-09-23,BHARTIARTL,0.0
2024-09-23,MARUTI,0.0
2024-09-30,BAJFINANCE,0.3333333333333333
2024-09-30,MARUTI,0.3333333333333333
2024-09-30,HCLTECH,0.3333333333333333
2024-09-30,INFY,0.0
2024-09-30,RELIANCE,0.0
2024-09-30,ICICIBANK,0.0
2024-09-30,HINDUNILVR,0.0
2024-09-30,BHARTIARTL,0.0
2024-09-30,HDFCBANK,0.0
2024-09-30,TCS,0.0
2024-10-07,ICICIBANK,0.3333333333333333
2024-10-07,BAJFINANCE,0.3333333333333333
2024-10-07,MARUTI,0.3333333333333333
2024-10-07,RELIANCE,0.0
2024-10-07,INFY,0.0
2024-10-07,TCS,0.0
2024-10-07,HCLTECH,0.0
2024-10-07,BHARTIARTL,0.0
2024-10-07,HDFCBANK,0.0
2024-10-07,HINDUNILVR,0.0
2024-10-14,TCS,0.3333333333333333
2024-10-14,RELIANCE,0.3333333333333333
2024-10-14,HINDUNILVR,0.3333333333333333
2024-10-14,MARUTI,0.0
2024-10-14,INFY,0.0
2024-10-14,HCLTECH,0.0
2024-10-14,BHARTIARTL,0.0
2024-10-14,BAJFINANCE,0.0
2024-10-14,ICICIBANK,0.0
2024-10-14,HDFCBANK,0.0
2024-10-21,TCS,0.3333333333333333
2024-10-21,BAJFINANCE,0.3333333333333333
2024-10-21,HINDUNILVR,0.3333333333333333
2024-10-21,RELIANCE,0.0
2024-10-21,INFY,0.0
2024-10-21,HCLTECH,0.0
2024-10-21,ICICIBANK,0.0
2024-10-21,HDFCBANK,0.0
2024-10-21,BHARTIARTL,0.0
2024-10-21,MARUTI,0.0
2024-10-28,RELIANCE,0.3333333333333333
2024-10-28,HCLTECH,0.3333333333333333
2024-10-28,INFY,0.3333333333333333
2024-10-28,BAJFINANCE,0.0
2024-10-28,HDFCBANK,0.0
2024-10-28,BHARTIARTL,0.0
2024-10-28,MARUTI,0.0
2024-10-28,ICICIBANK,0.0
2024-10-28,TCS,0.0
2024-10-28,HINDUNILVR,0.0
2024-11-04,RELIANCE,0.3333333333333333
2024-11-04,BAJFINANCE,0.3333333333333333
2024-11-04,HCLTECH,0.3333333333333333
2024-11-04,HDFCBANK,0.0
2024-11-04,TCS,0.0
2024-11-04,INFY,0.0
2024-11-04,BHARTIARTL,0.0
2024-11-04,ICICIBANK,0.0
2024-11-04,HINDUNILVR,0.0
2024-11-04,MARUTI,0.0
2024-11-11,HINDUNILVR,0.3333333333333333
2024-11-11,RELIANCE,0.3333333333333333
2024-11-11,BAJFINANCE,0.3333333333333333
2024-11-11,BHARTIARTL,0.0
2024-11-11,HCLTECH,0.0
2024-11-11,INFY,0.0
2024-11-11,HDFCBANK,0.0
2024-11-11,TCS,0.0
2024-11-11,MARUTI,0.0
2024-11-11,ICICIBANK,0.0
2024-11-18,RELIANCE,0.3333333333333333
2024-11-18,INFY,0.3333333333333333
2024-11-18,HDFCBANK,0.3333333333333333
2024-11-18,BAJFINANCE,0.0
2024-11-18,HCLTECH,0.0
2024-11-18,ICICIBANK,0.0
2024-11-18,TCS,0.0
2024-11-18,MARUTI,0.0
2024-11-18,BHARTIARTL,0.0
2024-11-18,HINDUNILVR,0.0
2024-11-25,MARUTI,0.3333333333333333
2024-11-25,BAJFINANCE,0.3333333333333333
2024-11-25,HINDUNILVR,0.3333333333333333
2024-11-25,INFY,0.0
2024-11-25,HCLTECH,0.0
2024-11-25,HDFCBANK,0.0
2024-11-25,TCS,0.0
2024-11-25,RELIANCE,0.0
2024-11-25,BHARTIARTL,0.0
2024-11-25,ICICIBANK,0.0
2024-12-02,MARUTI,0.3333333333333333
2024-12-02,HINDUNILVR,0.3333333333333333
2024-12-02,HDFCBANK,0.3333333333333333
2024-12-02,RELIANCE,0.0
2024-12-02,BHARTIARTL,0.0
2024-12-02,INFY,0.0
2024-12-02,HCLTECH,0.0
2024-12-02,BAJFINANCE,0.0
2024-12-02,TCS,0.0
2024-12-02,ICICIBANK,0.0
2024-12-09,HINDUNILVR,0.3333333333333333
2024-12-09,MARUTI,0.3333333333333333
2024-12-09,RELIANCE,0.3333333333333333
2024-12-09,BAJFINANCE,0.0
2024-12-09,HCLTECH,0.0
2024-12-09,BHARTIARTL,0.0
2024-12-09,TCS,0.0
2024-12-09,INFY,0.0
2024-12-09,HDFCBANK,0.0
2024-12-09,ICICIBANK,0.0
2024-12-16,HINDUNILVR,0.3333333333333333
2024-12-16,INFY,0.3333333333333333
2024-12-16,TCS,0.3333333333333333
2024-12-16,HCLTECH,0.0
2024-12-16,RELIANCE,0.0
2024-12-16,MARUTI,0.0
2024-12-16,BAJFINANCE,0.0
2024-12-16,BHARTIARTL,0.0
2024-12-16,HDFCBANK,0.0
2024-12-16,ICICIBANK,0.0
2024-12-23,RELIANCE,0.3333333333333333
2024-12-23,INFY,0.3333333333333333
2024-12-23,HINDUNILVR,0.3333333333333333
2024-12-23,HDFCBANK,0.0
2024-12-23,TCS,0.0
2024-12-23,HCLTECH,0.0
2024-12-23,MARUTI,0.0
2024-12-23,BAJFINANCE,0.0
2024-12-23,BHARTIARTL,0.0
2024-12-23,ICICIBANK,0.0
2024-12-30,HINDUNILVR,0.3333333333333333
2024-12-30,TCS,0.3333333333333333
2024-12-30,ICICIBANK,0.3333333333333333
2024-12-30,RELIANCE,0.0
2024-12-30,BAJFINANCE,0.0
2024-12-30,BHARTIARTL,0.0
2024-12-30,HCLTECH,0.0
2024-12-30,INFY,0.0
2024-12-30,HDFCBANK,0.0
2024-12-30,MARUTI,0.0
2025-01-06,INFY,0.3333333333333333
2025-01-06,HINDUNILVR,0.3333333333333333
2025-01-06,BAJFINANCE,0.3333333333333333
2025-01-06,RELIANCE,0.0
2025-01-06,MARUTI,0.0
2025-01-06,HCLTECH,0.0
2025-01-06,TCS,0.0
2025-01-06,ICICIBANK,0.0
2025-01-06,BHARTIARTL,0.0
2025-01-06,HDFCBANK,0.0
2025-01-13,BHARTIARTL,0.3333333333333333
2025-01-13,INFY,0.3333333333333333
2025-01-13,HINDUNILVR,0.3333333333333333
2025-01-13,BAJFINANCE,0.0
2025-01-13,HDFCBANK,0.0
2025-01-13,TCS,0.0
2025-01-13,HCLTECH,0.0
2025-01-13,ICICIBANK,0.0
2025-01-13,MARUTI,0.0
2025-01-13,RELIANCE,0.0
2025-01-20,BHARTIARTL,0.3333333333333333
2025-01-20,RELIANCE,0.3333333333333333
2025-01-20,BAJFINANCE,0.3333333333333333
2025-01-20,HCLTECH,0.0
2025-01-20,TCS,0.0
2025-01-20,HDFCBANK,0.0
2025-01-20,INFY,0.0
2025-01-20,MARUTI,0.0
2025-01-20,HINDUNILVR,0.0
2025-01-20,ICICIBANK,0.0
2025-01-27,HCLTECH,0.3333333333333333
2025-01-27,BAJFINANCE,0.3333333333333333
2025-01-27,HINDUNILVR,0.3333333333333333
2025-01-27,RELIANCE,0.0
2025-01-27,TCS,0.0
2025-01-27,INFY,0.0
2025-01-27,HDFCBANK,0.0
2025-01-27,BHARTIARTL,0.0
2025-01-27,ICICIBANK,0.0
2025-01-27,MARUTI,0.0
2025-02-03,HDFCBANK,0.3333333333333333
2025-02-03,BAJFINANCE,0.3333333333333333
2025-02-03,HCLTECH,0.3333333333333333
2025-02-03,HINDUNILVR,0.0
2025-02-03,INFY,0.0
2025-02-03,RELIANCE,0.0
2025-02-03,BHARTIARTL,0.0
2025-02-03,TCS,0.0
2025-02-03,ICICIBANK,0.0
2025-02-03,MARUTI,0.0
2025-02-10,RELIANCE,0.3333333333333333
2025-02-10,HCLTECH,0.3333333333333333
2025-02-10,INFY,0.3333333333333333
2025-02-10,HDFCBANK,0.0
2025-02-10,BAJFINANCE,0.0
2025-02-10,HINDUNILVR,0.0
2025-02-10,MARUTI,0.0
2025-02-10,BHARTIARTL,0.0
2025-02-10,TCS,0.0
2025-02-10,ICICIBANK,0.0
2025-02-17,TCS,0.3333333333333333
2025-02-17,RELIANCE,0.3333333333333333
2025-02-17,HINDUNILVR,0.3333333333333333
2025-02-17,BAJFINANCE,0.0
2025-02-17,MARUTI,0.0
2025-02-17,HCLTECH,0.0
2025-02-17,HDFCBANK,0.0
2025-02-17,BHARTIARTL,0.0
2025-02-17,INFY,0.0
2025-02-17,ICICIBANK,0.0
2025-02-24,TCS,0.3333333333333333
2025-02-24,RELIANCE,0.3333333333333333
2025-02-24,HINDUNILVR,0.3333333333333333
2025-02-24,HCLTECH,0.0
2025-02-24,BAJFINANCE,0.0
2025-02-24,MARUTI,0.0
2025-02-24,HDFCBANK,0.0
2025-02-24,BHARTIARTL,0.0
2025-02-24,INFY,0.0
2025-02-24,ICICIBANK,0.0
2025-03-03,HCLTECH,0.3333333333333333
2025-03-03,INFY,0.3333333333333333
2025-03-03,TCS,0.3333333333333333
2025-03-03,BAJFINANCE,0.0
2025-03-03,HDFCBANK,0.0
2025-03-03,BHARTIARTL,0.0
2025-03-03,MARUTI,0.0
2025-03-03,RELIANCE,0.0
2025-03-03,HINDUNILVR,0.0
2025-03-03,ICICIBANK,0.0
2025-03-10,HCLTECH,0.3333333333333333
2025-03-10,TCS,0.3333333333333333
2025-03-10,INFY,0.3333333333333333
2025-03-10,BAJFINANCE,0.0
2025-03-10,HDFCBANK,0.0
2025-03-10,HINDUNILVR,0.0
2025-03-10,MARUTI,0.0
2025-03-10,RELIANCE,0.0
2025-03-10,BHARTIARTL,0.0
2025-03-10,ICICIBANK,0.0
2025-03-17,INFY,0.3333333333333333
2025-03-17,HINDUNILVR,0.3333333333333333
2025-03-17,HCLTECH,0.3333333333333333
2025-03-17,BAJFINANCE,0.0
2025-03-17,HDFCBANK,0.0
2025-03-17,RELIANCE,0.0
2025-03-17,TCS,0.0
2025-03-17,ICICIBANK,0.0
2025-03-17,MARUTI,0.0
2025-03-17,BHARTIARTL,0.0
2025-03-24,INFY,0.3333333333333333
2025-03-24,HCLTECH,0.3333333333333333
2025-03-24,HDFCBANK,0.3333333333333333
2025-03-24,BAJFINANCE,0.0
2025-03-24,HINDUNILVR,0.0
2025-03-24,RELIANCE,0.0
2025-03-24,TCS,0.0
2025-03-24,ICICIBANK,0.0
2025-03-24,MARUTI,0.0
2025-03-24,BHARTIARTL,0.0
2025-03-31,INFY,0.3333333333333333
2025-03-31,HCLTECH,0.3333333333333333
2025-03-31,RELIANCE,0.3333333333333333
2025-03-31,TCS,0.0
2025-03-31,MARUTI,0.0
2025-03-31,HDFCBANK,0.0
2025-03-31,BAJFINANCE,0.0
2025-03-31,HINDUNILVR,0.0
2025-03-31,ICICIBANK,0.0
2025-03-31,BHARTIARTL,0.0
2025-04-07,INFY,0.3333333333333333
2025-04-07,TCS,0.3333333333333333
2025-04-07,HCLTECH,0.3333333333333333
2025-04-07,MARUTI,0.0
2025-04-07,RELIANCE,0.0
2025-04-07,HINDUNILVR,0.0
2025-04-07,BAJFINANCE,0.0
2025-04-07,HDFCBANK,0.0
2025-04-07,ICICIBANK,0.0
2025-04-07,BHARTIARTL,0.0
2025-04-14,INFY,0.3333333333333333
2025-04-14,TCS,0.3333333333333333
2025-04-14,HCLTECH,0.3333333333333333
2025-04-14,MARUTI,0.0
2025-04-14,BAJFINANCE,0.0
2025-04-14,HINDUNILVR,0.0
2025-04-14,BHARTIARTL,0.0
2025-04-14,ICICIBANK,0.0
2025-04-14,RELIANCE,0.0
2025-04-14,HDFCBANK,0.0
2025-04-21,INFY,0.3333333333333333
2025-04-21,MARUTI,0.3333333333333333
2025-04-21,BAJFINANCE,0.3333333333333333
2025-04-21,HDFCBANK,0.0
2025-04-21,TCS,0.0
2025-04-21,RELIANCE,0.0
2025-04-21,HINDUNILVR,0.0
2025-04-21,BHARTIARTL,0.0
2025-04-21,ICICIBANK,0.0
2025-04-21,HCLTECH,0.0
2025-04-28,BAJFINANCE,0.3333333333333333
2025-04-28,HDFCBANK,0.3333333333333333
2025-04-28,TCS,0.3333333333333333
2025-04-28,RELIANCE,0.0
2025-04-28,HINDUNILVR,0.0
2025-04-28,MARUTI,0.0
2025-04-28,INFY,0.0
2025-04-28,ICICIBANK,0.0
2025-04-28,BHARTIARTL,0.0
2025-04-28,HCLTECH,0.0
2025-05-05,BAJFINANCE,0.3333333333333333
2025-05-05,HDFCBANK,0.3333333333333333
2025-05-05,TCS,0.3333333333333333
2025-05-05,MARUTI,0.0
2025-05-05,RELIANCE,0.0
2025-05-05,BHARTIARTL,0.0
2025-05-05,ICICIBANK,0.0
2025-05-05,HINDUNILVR,0.0
2025-05-05,HCLTECH,0.0
2025-05-05,INFY,0.0
2025-05-12,BAJFINANCE,0.3333333333333333
2025-05-12,HINDUNILVR,0.3333333333333333
2025-05-12,INFY,0.3333333333333333
2025-05-12,HDFCBANK,0.0
2025-05-12,RELIANCE,0.0
2025-05-12,TCS,0.0
2025-05-12,BHARTIARTL,0.0
2025-05-12,MARUTI,0.0
2025-05-12,HCLTECH,0.0
2025-05-12,ICICIBANK,0.0
2025-05-19,BAJFINANCE,0.3333333333333333
2025-05-19,INFY,0.3333333333333333
2025-05-19,HDFCBANK,0.3333333333333333
2025-05-19,MARUTI,0.0
2025-05-19,HINDUNILVR,0.0
2025-05-19,RELIANCE,0.0
2025-05-19,BHARTIARTL,0.0
2025-05-19,TCS,0.0
2025-05-19,ICICIBANK,0.0
2025-05-19,HCLTECH,0.0
2025-05-26,BAJFINANCE,0.3333333333333333
2025-05-26,MARUTI,0.3333333333333333
2025-05-26,HDFCBANK,0.3333333333333333
2025-05-26,ICICIBANK,0.0
2025-05-26,INFY,0.0
2025-05-26,RELIANCE,0.0
2025-05-26,TCS,0.0
2025-05-26,BHARTIARTL,0.0
2025-05-26,HINDUNILVR,0.0
2025-05-26,HCLTECH,0.0
2025-06-02,HDFCBANK,0.3333333333333333
2025-06-02,BAJFINANCE,0.3333333333333333
2025-06-02,HINDUNILVR,0.3333333333333333
2025-06-02,INFY,0.0
2025-06-02,MARUTI,0.0
2025-06-02,BHARTIARTL,0.0
2025-06-02,RELIANCE,0.0
2025-06-02,TCS,0.0
2025-06-02,ICICIBANK,0.0
2025-06-02,HCLTECH,0.0
2025-06-09,TCS,0.3333333333333333
2025-06-09,BHARTIARTL,0.3333333333333333
2025-06-09,RELIANCE,0.3333333333333333
2025-06-09,BAJFINANCE,0.0
2025-06-09,INFY,0.0
2025-06-09,ICICIBANK,0.0
2025-06-09,HDFCBANK,0.0
2025-06-09,MARUTI,0.0
2025-06-09,HCLTECH,0.0
2025-06-09,HINDUNILVR,0.0
2025-06-16,TCS,0.3333333333333333
2025-06-16,BAJFINANCE,0.3333333333333333
2025-06-16,MARUTI,0.3333333333333333
2025-06-16,HDFCBANK,0.0
2025-06-16,HCLTECH,0.0
2025-06-16,INFY,0.0
2025-06-16,BHARTIARTL,0.0
2025-06-16,RELIANCE,0.0
2025-06-16,ICICIBANK,0.0
2025-06-16,HINDUNILVR,0.0
2025-06-23,MARUTI,0.3333333333333333
2025-06-23,BAJFINANCE,0.3333333333333333
2025-06-23,INFY,0.3333333333333333
2025-06-23,HDFCBANK,0.0
2025-06-23,RELIANCE,0.0
2025-06-23,HCLTECH,0.0
2025-06-23,TCS,0.0
2025-06-23,ICICIBANK,0.0
2025-06-23,HINDUNILVR,0.0
2025-06-23,BHARTIARTL,0.0
2025-06-30,INFY,0.3333333333333333
2025-06-30,TCS,0.3333333333333333
2025-06-30,MARUTI,0.3333333333333333
2025-06-30,HDFCBANK,0.0
2025-06-30,HINDUNILVR,0.0
2025-06-30,RELIANCE,0.0
2025-06-30,HCLTECH,0.0
2025-06-30,BAJFINANCE,0.0
2025-06-30,ICICIBANK,0.0
2025-06-30,BHARTIARTL,0.0
2025-07-07,HCLTECH,0.3333333333333333
2025-07-07,MARUTI,0.3333333333333333
2025-07-07,HDFCBANK,0.3333333333333333
2025-07-07,INFY,0.0
2025-07-07,RELIANCE,0.0
2025-07-07,BHARTIARTL,0.0
2025-07-07,BAJFINANCE,0.0
2025-07-07,HINDUNILVR,0.0
2025-07-07,TCS,0.0
2025-07-07,ICICIBANK,0.0
2025-07-14,HCLTECH,0.3333333333333333
2025-07-14,RELIANCE,0.3333333333333333
2025-07-14,TCS,0.3333333333333333
2025-07-14,HDFCBANK,0.0
2025-07-14,BHARTIARTL,0.0
2025-07-14,INFY,0.0
2025-07-14,MARUTI,0.0
2025-07-14,BAJFINANCE,0.0
2025-07-14,HINDUNILVR,0.0
2025-07-14,ICICIBANK,0.0
2025-07-21,HCLTECH,0.3333333333333333
2025-07-21,TCS,0.3333333333333333
2025-07-21,BAJFINANCE,0.3333333333333333
2025-07-21,RELIANCE,0.0
2025-07-21,INFY,0.0
2025-07-21,MARUTI,0.0
2025-07-21,BHARTIARTL,0.0
2025-07-21,HDFCBANK,0.0
2025-07-21,HINDUNILVR,0.0
2025-07-21,ICICIBANK,0.0
2025-07-28,TCS,0.3333333333333333
2025-07-28,HCLTECH,0.3333333333333333
2025-07-28,BAJFINANCE,0.3333333333333333
2025-07-28,INFY,0.0
2025-07-28,HDFCBANK,0.0
2025-07-28,MARUTI,0.0
2025-07-28,HINDUNILVR,0.0
2025-07-28,BHARTIARTL,0.0
2025-07-28,RELIANCE,0.0
2025-07-28,ICICIBANK,0.0
2025-08-04,TCS,0.3333333333333333
2025-08-04,HCLTECH,0.3333333333333333
2025-08-04,RELIANCE,0.3333333333333333
2025-08-04,BAJFINANCE,0.0
2025-08-04,HDFCBANK,0.0
2025-08-04,BHARTIARTL,0.0
2025-08-04,MARUTI,0.0
2025-08-04,HINDUNILVR,0.0
2025-08-04,INFY,0.0
2025-08-04,ICICIBANK,0.0
2025-08-11,TCS,0.3333333333333333
2025-08-11,RELIANCE,0.3333333333333333
2025-08-11,HCLTECH,0.3333333333333333
2025-08-11,BAJFINANCE,0.0
2025-08-11,HDFCBANK,0.0
2025-08-11,INFY,0.0
2025-08-11,BHARTIARTL,0.0
2025-08-11,MARUTI,0.0
2025-08-11,HINDUNILVR,0.0
2025-08-11,ICICIBANK,0.0
2025-08-18,HCLTECH,0.3333333333333333
2025-08-18,INFY,0.3333333333333333
2025-08-18,RELIANCE,0.3333333333333333
2025-08-18,HINDUNILVR,0.0
2025-08-18,BAJFINANCE,0.0
2025-08-18,BHARTIARTL,0.0
2025-08-18,HDFCBANK,0.0
2025-08-18,TCS,0.0
2025-08-18,ICICIBANK,0.0
2025-08-18,MARUTI,0.0
2025-08-25,HCLTECH,0.3333333333333333
2025-08-25,RELIANCE,0.3333333333333333
2025-08-25,BAJFINANCE,0.3333333333333333
2025-08-25,INFY,0.0
2025-08-25,BHARTIARTL,0.0
2025-08-25,HDFCBANK,0.0
2025-08-25,TCS,0.0
2025-08-25,HINDUNILVR,0.0
2025-08-25,ICICIBANK,0.0
2025-08-25,MARUTI,0.0
2025-09-01,HCLTECH,0.3333333333333333
2025-09-01,RELIANCE,0.3333333333333333
2025-09-01,INFY,0.3333333333333333
2025-09-01,BAJFINANCE,0.0
2025-09-01,BHARTIARTL,0.0
2025-09-01,TCS,0.0
2025-09-01,HINDUNILVR,0.0
2025-09-01,HDFCBANK,0.0
2025-09-01,ICICIBANK,0.0
2025-09-01,MARUTI,0.0
2025-09-08,BHARTIARTL,0.3333333333333333
2025-09-08,RELIANCE,0.3333333333333333
2025-09-08,HCLTECH,0.3333333333333333
2025-09-08,BAJFINANCE,0.0
2025-09-08,TCS,0.0
2025-09-08,HDFCBANK,0.0
2025-09-08,HINDUNILVR,0.0
2025-09-08,MARUTI,0.0
2025-09-08,INFY,0.0
2025-09-08,ICICIBANK,0.0
2025-09-15,BHARTIARTL,0.3333333333333333
2025-09-15,RELIANCE,0.3333333333333333
2025-09-15,INFY,0.3333333333333333
2025-09-15,HCLTECH,0.0
2025-09-15,MARUTI,0.0
2025-09-15,BAJFINANCE,0.0
2025-09-15,TCS,0.0
2025-09-15,HDFCBANK,0.0
2025-09-15,ICICIBANK,0.0
2025-09-15,HINDUNILVR,0.0
2025-09-22,RELIANCE,0.3333333333333333
2025-09-22,BHARTIARTL,0.3333333333333333
2025-09-22,TCS,0.3333333333333333
2025-09-22,HCLTECH,0.0
2025-09-22,INFY,0.0
2025-09-22,BAJFINANCE,0.0
2025-09-22,MARUTI,0.0
2025-09-22,HINDUNILVR,0.0
2025-09-22,HDFCBANK,0.0
2025-09-22,ICICIBANK,0.0
2025-09-29,RELIANCE,0.3333333333333333
2025-09-29,HCLTECH,0.3333333333333333
2025-09-29,TCS,0.3333333333333333
2025-09-29,HDFCBANK,0.0
2025-09-29,INFY,0.0
2025-09-29,BHARTIARTL,0.0
2025-09-29,MARUTI,0.0
2025-09-29,BAJFINANCE,0.0
2025-09-29,HINDUNILVR,0.0
2025-09-29,ICICIBANK,0.0
2025-10-06,RELIANCE,0.3333333333333333
2025-10-06,HDFCBANK,0.3333333333333333
2025-10-06,MARUTI,0.3333333333333333
2025-10-06,INFY,0.0
2025-10-06,BAJFINANCE,0.0
2025-10-06,TCS,0.0
2025-10-06,HCLTECH,0.0
2025-10-06,BHARTIARTL,0.0
2025-10-06,HINDUNILVR,0.0
2025-10-06,ICICIBANK,0.0
2025-10-13,HDFCBANK,0.3333333333333333
2025-10-13,RELIANCE,0.3333333333333333
2025-10-13,BAJFINANCE,0.3333333333333333
2025-10-13,TCS,0.0
2025-10-13,MARUTI,0.0
2025-10-13,HINDUNILVR,0.0
2025-10-13,INFY,0.0
2025-10-13,BHARTIARTL,0.0
2025-10-13,ICICIBANK,0.0
2025-10-13,HCLTECH,0.0
2025-10-20,HDFCBANK,0.3333333333333333
2025-10-20,BAJFINANCE,0.3333333333333333
2025-10-20,MARUTI,0.3333333333333333
2025-10-20,INFY,0.0
2025-10-20,TCS,0.0
2025-10-20,RELIANCE,0.0
2025-10-20,BHARTIARTL,0.0
2025-10-20,HINDUNILVR,0.0
2025-10-20,ICICIBANK,0.0
2025-10-20,HCLTECH,0.0
2025-10-27,HDFCBANK,0.3333333333333333
2025-10-27,INFY,0.3333333333333333
2025-10-27,MARUTI,0.3333333333333333
2025-10-27,BAJFINANCE,0.0
2025-10-27,BHARTIARTL,0.0
2025-10-27,RELIANCE,0.0
2025-10-27,HCLTECH,0.0
2025-10-27,TCS,0.0
2025-10-27,HINDUNILVR,0.0
2025-10-27,ICICIBANK,0.0
2025-11-03,HDFCBANK,0.3333333333333333
2025-11-03,INFY,0.3333333333333333
2025-11-03,MARUTI,0.3333333333333333
2025-11-03,HCLTECH,0.0
2025-11-03,BAJFINANCE,0.0
2025-11-03,BHARTIARTL,0.0
2025-11-03,RELIANCE,0.0
2025-11-03,HINDUNILVR,0.0
2025-11-03,ICICIBANK,0.0
2025-11-03,TCS,0.0
2025-11-10,BAJFINANCE,0.3333333333333333
2025-11-10,INFY,0.3333333333333333
2025-11-10,HDFCBANK,0.3333333333333333
2025-11-10,ICICIBANK,0.0
2025-11-10,BHARTIARTL,0.0
2025-11-10,RELIANCE,0.0
2025-11-10,TCS,0.0
2025-11-10,HCLTECH,0.0
2025-11-10,MARUTI,0.0
2025-11-10,HINDUNILVR,0.0
2025-11-17,BAJFINANCE,0.3333333333333333
2025-11-17,MARUTI,0.3333333333333333
2025-11-17,INFY,0.3333333333333333
2025-11-17,HDFCBANK,0.0
2025-11-17,RELIANCE,0.0
2025-11-17,HCLTECH,0.0
2025-11-17,TCS,0.0
2025-11-17,BHARTIARTL,0.0
2025-11-17,HINDUNILVR,0.0
2025-11-17,ICICIBANK,0.0
2025-11-24,BAJFINANCE,0.3333333333333333
2025-11-24,MARUTI,0.3333333333333333
2025-11-24,HINDUNILVR,0.3333333333333333
2025-11-24,HDFCBANK,0.0
2025-11-24,INFY,0.0
2025-11-24,HCLTECH,0.0
2025-11-24,BHARTIARTL,0.0
2025-11-24,RELIANCE,0.0
2025-11-24,TCS,0.0
2025-11-24,ICICIBANK,0.0
2025-12-01,HINDUNILVR,0.3333333333333333
2025-12-01,RELIANCE,0.3333333333333333
2025-12-01,BAJFINANCE,0.3333333333333333
2025-12-01,HDFCBANK,0.0
2025-12-01,HCLTECH,0.0
2025-12-01,MARUTI,0.0
2025-12-01,BHARTIARTL,0.0
2025-12-01,TCS,0.0
2025-12-01,INFY,0.0
2025-12-01,ICICIBANK,0.0
2025-12-08,HINDUNILVR,0.3333333333333333
2025-12-08,TCS,0.3333333333333333
2025-12-08,INFY,0.3333333333333333
2025-12-08,HDFCBANK,0.0
2025-12-08,BAJFINANCE,0.0
2025-12-08,MARUTI,0.0
2025-12-08,RELIANCE,0.0
2025-12-08,HCLTECH,0.0
2025-12-08,BHARTIARTL,0.0
2025-12-08,ICICIBANK,0.0
2025-12-15,TCS,0.3333333333333333
2025-12-15,MARUTI,0.3333333333333333
2025-12-15,RELIANCE,0.3333333333333333
2025-12-15,HCLTECH,0.0
2025-12-15,HDFCBANK,0.0
2025-12-15,INFY,0.0
2025-12-15,BHARTIARTL,0.0
2025-12-15,BAJFINANCE,0.0
2025-12-15,HINDUNILVR,0.0
2025-12-15,ICICIBANK,0.0
2025-12-22,TCS,0.3333333333333333
2025-12-22,MARUTI,0.3333333333333333
2025-12-22,HDFCBANK,0.3333333333333333
2025-12-22,HCLTECH,0.0
2025-12-22,BAJFINANCE,0.0
2025-12-22,RELIANCE,0.0
2025-12-22,BHARTIARTL,0.0
2025-12-22,INFY,0.0
2025-12-22,HINDUNILVR,0.0
2025-12-22,ICICIBANK,0.0
